???;;Unknown.jpg
Aced;アセッド;Aced.jpg
Aerith;エアリス;Aerith.jpg
Aqua;アクア;Aqua.jpg
Ava;アヴァ;Ava.jpg
Chip;チップ;Chip.jpg
Cid;シド;Cid.jpg
Cloud;クラウド;Cloud.jpg
Dale;デール;Dale.jpg
Donald;ドナルド;Donald.jpg
Ephemer;エフェメラ;Ephemer.jpg
Goofy;グーフィー;Goofy.jpg
Gula;グウラ;Gula.jpg
Hayner;ハイネ;Hayner.jpg
Ienzo;イエンツォ;Ienzo.jpg
Ira;イラ;Ira.jpg
Isa;アイサ;Isa.jpg
Invi;インヴィ;Invi.jpg
Kairi;カイリ;Kairi.jpg
Lea;リア;Lea.jpg
Leon;レオン;Leon.jpg
Mickey;ミッキー;Mickey.jpg
Namine;ナミネ;Namine.jpg
Olette;オレット;Olette.jpg
Pence;ピンツ;Pence.jpg
Riku;リク;Riku.jpg
Roxas;ロクサス;Roxas.jpg
Skuld;スカルド;Skuld.jpg
Sora;ソラ;Sora.jpg
Strelitzia;ストレリチア;Strelitzia.jpg
Terra;テラ;Terra.jpg
Tifa;ティファ;Tifa.jpg
Ventus;ヴェントゥス;Ventus.jpg
Yuffie;ユフィ;Yuffie.jpg
Xion;シオン;Xion.jpg